"Statistic","Nace.Rev.2.Activity","2008","2009","2010","2011","2012","2013","2014","2015","2016","2017","2018","2019"
"Construction Enterprises","Development of building projects (411)",2416,3749,3222,3042,2850,2741,2482,2733,2887,3477,3827,3846
"Construction Enterprises","Construction of residential and non-residential buildings (412)",13876,13269,12143,11515,11221,10996,10633,11089,11193,12096,12082,12227
"Construction Enterprises","Construction of roads and railways (421)",1027,884,802,739,719,689,670,680,697,773,783,777
"Construction Enterprises","Construction of utility projects (422)",322,316,283,270,257,268,266,276,275,308,296,304
"Construction Enterprises","Construction of other civil engineering projects (429)",381,376,310,299,316,335,358,405,432,479,498,540
"Construction Enterprises","Demolition and site preparation (431)",766,719,649,607,594,561,547,593,595,696,695,737
"Construction Enterprises","Electrical, plumbing and other construction installation activities (432)",11337,11111,11046,11141,11139,10930,10495,10861,10845,11526,11492,11513
"Construction Enterprises","Building completion and finishing (433)",22163,18973,17112,16157,16063,15737,15683,17051,17337,19478,19346,20096
"Construction Enterprises","Other specialised construction activities (439)",9617,8075,7040,6486,6371,6245,6215,6858,7307,8422,8607,9135
"Construction Enterprises","Construction (41 to 43)",61905,57472,52607,50256,49530,48502,47349,50546,51568,57255,57626,59175
"Employees - Manual","Development of building projects (411)",NA,NA,NA,NA,NA,NA,NA,NA,NA,NA,NA,NA
"Employees - Manual","Construction of residential and non-residential buildings (412)",NA,NA,NA,NA,NA,NA,NA,NA,NA,NA,NA,NA
"Employees - Manual","Construction of roads and railways (421)",NA,NA,NA,NA,NA,NA,NA,NA,NA,NA,NA,NA
"Employees - Manual","Construction of utility projects (422)",NA,NA,NA,NA,NA,NA,NA,NA,NA,NA,NA,NA
"Employees - Manual","Construction of other civil engineering projects (429)",NA,NA,NA,NA,NA,NA,NA,NA,NA,NA,NA,NA
"Employees - Manual","Demolition and site preparation (431)",NA,NA,NA,NA,NA,NA,NA,NA,NA,NA,NA,NA
"Employees - Manual","Electrical, plumbing and other construction installation activities (432)",NA,NA,NA,NA,NA,NA,NA,NA,NA,NA,NA,NA
"Employees - Manual","Building completion and finishing (433)",NA,NA,NA,NA,NA,NA,NA,NA,NA,NA,NA,NA
"Employees - Manual","Other specialised construction activities (439)",NA,NA,NA,NA,NA,NA,NA,NA,NA,NA,NA,NA
"Employees - Manual","Construction (41 to 43)",NA,NA,NA,NA,NA,NA,NA,NA,NA,NA,NA,NA
"Employees - Other","Development of building projects (411)",NA,NA,NA,NA,NA,NA,NA,NA,NA,NA,NA,NA
"Employees - Other","Construction of residential and non-residential buildings (412)",NA,NA,NA,NA,NA,NA,NA,NA,NA,NA,NA,NA
"Employees - Other","Construction of roads and railways (421)",NA,NA,NA,NA,NA,NA,NA,NA,NA,NA,NA,NA
"Employees - Other","Construction of utility projects (422)",NA,NA,NA,NA,NA,NA,NA,NA,NA,NA,NA,NA
"Employees - Other","Construction of other civil engineering projects (429)",NA,NA,NA,NA,NA,NA,NA,NA,NA,NA,NA,NA
"Employees - Other","Demolition and site preparation (431)",NA,NA,NA,NA,NA,NA,NA,NA,NA,NA,NA,NA
"Employees - Other","Electrical, plumbing and other construction installation activities (432)",NA,NA,NA,NA,NA,NA,NA,NA,NA,NA,NA,NA
"Employees - Other","Building completion and finishing (433)",NA,NA,NA,NA,NA,NA,NA,NA,NA,NA,NA,NA
"Employees - Other","Other specialised construction activities (439)",NA,NA,NA,NA,NA,NA,NA,NA,NA,NA,NA,NA
"Employees - Other","Construction (41 to 43)",NA,NA,NA,NA,NA,NA,NA,NA,NA,NA,NA,NA
"Employees - Total","Development of building projects (411)",3730,2814,1615,1470,1376,1558,1683,1511,1901,2414,2603,3386
"Employees - Total","Construction of residential and non-residential buildings (412)",48535,30090,21243,17562,15536,15640,17568,19668,23328,26984,29048,31494
"Employees - Total","Construction of roads and railways (421)",5171,3447,2545,2152,2064,2053,2277,2428,2692,3040,3617,4095
"Employees - Total","Construction of utility projects (422)",2427,1857,1751,1632,1483,1746,2014,2168,2523,2864,2591,2758
"Employees - Total","Construction of other civil engineering projects (429)",4732,3872,2368,1965,1882,1760,1996,2160,2446,2710,2564,3097
"Employees - Total","Demolition and site preparation (431)",2465,1632,1109,902,766,734,843,957,1252,1275,1616,1886
"Employees - Total","Electrical, plumbing and other construction installation activities (432)",32179,25131,19888,18822,17436,18698,22455,23555,25628,29723,32418,36630
"Employees - Total","Building completion and finishing (433)",24534,14127,10124,8944,8224,8301,9517,10972,13101,15005,16291,18308
"Employees - Total","Other specialised construction activities (439)",21967,13279,9134,7748,6969,7569,8841,10168,12085,13887,15299,17270
"Employees - Total","Construction (41 to 43)",145740,96249,69777,61197,55736,58059,67194,73587,84956,97902,106047,118924
"Persons Engaged - Proprietors and Unpaid Family Workers","Development of building projects (411)",NA,NA,NA,NA,NA,NA,NA,NA,NA,NA,NA,NA
"Persons Engaged - Proprietors and Unpaid Family Workers","Construction of residential and non-residential buildings (412)",NA,NA,NA,NA,NA,NA,NA,NA,NA,NA,NA,NA
"Persons Engaged - Proprietors and Unpaid Family Workers","Construction of roads and railways (421)",NA,NA,NA,NA,NA,NA,NA,NA,NA,NA,NA,NA
"Persons Engaged - Proprietors and Unpaid Family Workers","Construction of utility projects (422)",NA,NA,NA,NA,NA,NA,NA,NA,NA,NA,NA,NA
"Persons Engaged - Proprietors and Unpaid Family Workers","Construction of other civil engineering projects (429)",NA,NA,NA,NA,NA,NA,NA,NA,NA,NA,NA,NA
"Persons Engaged - Proprietors and Unpaid Family Workers","Demolition and site preparation (431)",NA,NA,NA,NA,NA,NA,NA,NA,NA,NA,NA,NA
"Persons Engaged - Proprietors and Unpaid Family Workers","Electrical, plumbing and other construction installation activities (432)",NA,NA,NA,NA,NA,NA,NA,NA,NA,NA,NA,NA
"Persons Engaged - Proprietors and Unpaid Family Workers","Building completion and finishing (433)",NA,NA,NA,NA,NA,NA,NA,NA,NA,NA,NA,NA
"Persons Engaged - Proprietors and Unpaid Family Workers","Other specialised construction activities (439)",NA,NA,NA,NA,NA,NA,NA,NA,NA,NA,NA,NA
"Persons Engaged - Proprietors and Unpaid Family Workers","Construction (41 to 43)",NA,NA,NA,NA,NA,NA,NA,NA,NA,NA,NA,NA
"Persons Engaged - Labour only subcontract basis","Development of building projects (411)",NA,NA,NA,NA,NA,NA,NA,NA,NA,NA,NA,NA
"Persons Engaged - Labour only subcontract basis","Construction of residential and non-residential buildings (412)",NA,NA,NA,NA,NA,NA,NA,NA,NA,NA,NA,NA
"Persons Engaged - Labour only subcontract basis","Construction of roads and railways (421)",NA,NA,NA,NA,NA,NA,NA,NA,NA,NA,NA,NA
"Persons Engaged - Labour only subcontract basis","Construction of utility projects (422)",NA,NA,NA,NA,NA,NA,NA,NA,NA,NA,NA,NA
"Persons Engaged - Labour only subcontract basis","Construction of other civil engineering projects (429)",NA,NA,NA,NA,NA,NA,NA,NA,NA,NA,NA,NA
"Persons Engaged - Labour only subcontract basis","Demolition and site preparation (431)",NA,NA,NA,NA,NA,NA,NA,NA,NA,NA,NA,NA
"Persons Engaged - Labour only subcontract basis","Electrical, plumbing and other construction installation activities (432)",NA,NA,NA,NA,NA,NA,NA,NA,NA,NA,NA,NA
"Persons Engaged - Labour only subcontract basis","Building completion and finishing (433)",NA,NA,NA,NA,NA,NA,NA,NA,NA,NA,NA,NA
"Persons Engaged - Labour only subcontract basis","Other specialised construction activities (439)",NA,NA,NA,NA,NA,NA,NA,NA,NA,NA,NA,NA
"Persons Engaged - Labour only subcontract basis","Construction (41 to 43)",NA,NA,NA,NA,NA,NA,NA,NA,NA,NA,NA,NA
"Persons Engaged - Total","Development of building projects (411)",4316,3428,2201,2025,1901,2059,2179,1975,2367,2901,3059,3858
"Persons Engaged - Total","Construction of residential and non-residential buildings (412)",55768,36360,26927,23105,21129,21230,23177,25559,29184,33424,35254,37766
"Persons Engaged - Total","Construction of roads and railways (421)",5814,3953,2995,2559,2453,2417,2628,2793,3062,3474,4041,4508
"Persons Engaged - Total","Construction of utility projects (422)",2605,2005,1884,1756,1599,1865,2129,2288,2644,2993,2709,2879
"Persons Engaged - Total","Construction of other civil engineering projects (429)",4874,4004,2461,2061,1993,1868,2110,2285,2570,2846,2698,3246
"Persons Engaged - Total","Demolition and site preparation (431)",2995,2119,1547,1311,1164,1114,1220,1376,1656,1756,2076,2364
"Persons Engaged - Total","Electrical, plumbing and other construction installation activities (432)",40320,32854,27578,26611,25299,26383,29709,31047,32976,37467,39903,43914
"Persons Engaged - Total","Building completion and finishing (433)",43885,30284,24677,22729,22088,21922,23153,25917,28204,32004,33003,35597
"Persons Engaged - Total","Other specialised construction activities (439)",29492,19306,14275,12483,11725,12264,13555,15480,17678,20374,21778,24095
"Persons Engaged - Total","Construction (41 to 43)",190069,134313,104545,94640,89351,91122,99860,108720,120341,137239,144521,158227
"Wages and Salaries - Manual Employees","Development of building projects (411)",NA,NA,NA,NA,NA,NA,NA,NA,NA,NA,NA,NA
"Wages and Salaries - Manual Employees","Construction of residential and non-residential buildings (412)",NA,NA,NA,NA,NA,NA,NA,NA,NA,NA,NA,NA
"Wages and Salaries - Manual Employees","Construction of roads and railways (421)",NA,NA,NA,NA,NA,NA,NA,NA,NA,NA,NA,NA
"Wages and Salaries - Manual Employees","Construction of utility projects (422)",NA,NA,NA,NA,NA,NA,NA,NA,NA,NA,NA,NA
"Wages and Salaries - Manual Employees","Construction of other civil engineering projects (429)",NA,NA,NA,NA,NA,NA,NA,NA,NA,NA,NA,NA
"Wages and Salaries - Manual Employees","Demolition and site preparation (431)",NA,NA,NA,NA,NA,NA,NA,NA,NA,NA,NA,NA
"Wages and Salaries - Manual Employees","Electrical, plumbing and other construction installation activities (432)",NA,NA,NA,NA,NA,NA,NA,NA,NA,NA,NA,NA
"Wages and Salaries - Manual Employees","Building completion and finishing (433)",NA,NA,NA,NA,NA,NA,NA,NA,NA,NA,NA,NA
"Wages and Salaries - Manual Employees","Other specialised construction activities (439)",NA,NA,NA,NA,NA,NA,NA,NA,NA,NA,NA,NA
"Wages and Salaries - Manual Employees","Construction (41 to 43)",NA,NA,NA,NA,NA,NA,NA,NA,NA,NA,NA,NA
"Wages and Salaries - Other Employees","Development of building projects (411)",NA,NA,NA,NA,NA,NA,NA,NA,NA,NA,NA,NA
"Wages and Salaries - Other Employees","Construction of residential and non-residential buildings (412)",NA,NA,NA,NA,NA,NA,NA,NA,NA,NA,NA,NA
"Wages and Salaries - Other Employees","Construction of roads and railways (421)",NA,NA,NA,NA,NA,NA,NA,NA,NA,NA,NA,NA
"Wages and Salaries - Other Employees","Construction of utility projects (422)",NA,NA,NA,NA,NA,NA,NA,NA,NA,NA,NA,NA
"Wages and Salaries - Other Employees","Construction of other civil engineering projects (429)",NA,NA,NA,NA,NA,NA,NA,NA,NA,NA,NA,NA
"Wages and Salaries - Other Employees","Demolition and site preparation (431)",NA,NA,NA,NA,NA,NA,NA,NA,NA,NA,NA,NA
"Wages and Salaries - Other Employees","Electrical, plumbing and other construction installation activities (432)",NA,NA,NA,NA,NA,NA,NA,NA,NA,NA,NA,NA
"Wages and Salaries - Other Employees","Building completion and finishing (433)",NA,NA,NA,NA,NA,NA,NA,NA,NA,NA,NA,NA
"Wages and Salaries - Other Employees","Other specialised construction activities (439)",NA,NA,NA,NA,NA,NA,NA,NA,NA,NA,NA,NA
"Wages and Salaries - Other Employees","Construction (41 to 43)",NA,NA,NA,NA,NA,NA,NA,NA,NA,NA,NA,NA
"Wages and Salaries - Manual and Other Employees","Development of building projects (411)",NA,NA,NA,NA,NA,NA,NA,NA,NA,NA,NA,NA
"Wages and Salaries - Manual and Other Employees","Construction of residential and non-residential buildings (412)",NA,NA,NA,NA,NA,NA,NA,NA,NA,NA,NA,NA
"Wages and Salaries - Manual and Other Employees","Construction of roads and railways (421)",NA,NA,NA,NA,NA,NA,NA,NA,NA,NA,NA,NA
"Wages and Salaries - Manual and Other Employees","Construction of utility projects (422)",NA,NA,NA,NA,NA,NA,NA,NA,NA,NA,NA,NA
"Wages and Salaries - Manual and Other Employees","Construction of other civil engineering projects (429)",NA,NA,NA,NA,NA,NA,NA,NA,NA,NA,NA,NA
"Wages and Salaries - Manual and Other Employees","Demolition and site preparation (431)",NA,NA,NA,NA,NA,NA,NA,NA,NA,NA,NA,NA
"Wages and Salaries - Manual and Other Employees","Electrical, plumbing and other construction installation activities (432)",NA,NA,NA,NA,NA,NA,NA,NA,NA,NA,NA,NA
"Wages and Salaries - Manual and Other Employees","Building completion and finishing (433)",NA,NA,NA,NA,NA,NA,NA,NA,NA,NA,NA,NA
"Wages and Salaries - Manual and Other Employees","Other specialised construction activities (439)",NA,NA,NA,NA,NA,NA,NA,NA,NA,NA,NA,NA
"Wages and Salaries - Manual and Other Employees","Construction (41 to 43)",NA,NA,NA,NA,NA,NA,NA,NA,NA,NA,NA,NA
"Wages and Salaries - Labour only subcontractors","Development of building projects (411)",NA,NA,NA,NA,NA,NA,NA,NA,NA,NA,NA,NA
"Wages and Salaries - Labour only subcontractors","Construction of residential and non-residential buildings (412)",NA,NA,NA,NA,NA,NA,NA,NA,NA,NA,NA,NA
"Wages and Salaries - Labour only subcontractors","Construction of roads and railways (421)",NA,NA,NA,NA,NA,NA,NA,NA,NA,NA,NA,NA
"Wages and Salaries - Labour only subcontractors","Construction of utility projects (422)",NA,NA,NA,NA,NA,NA,NA,NA,NA,NA,NA,NA
"Wages and Salaries - Labour only subcontractors","Construction of other civil engineering projects (429)",NA,NA,NA,NA,NA,NA,NA,NA,NA,NA,NA,NA
"Wages and Salaries - Labour only subcontractors","Demolition and site preparation (431)",NA,NA,NA,NA,NA,NA,NA,NA,NA,NA,NA,NA
"Wages and Salaries - Labour only subcontractors","Electrical, plumbing and other construction installation activities (432)",NA,NA,NA,NA,NA,NA,NA,NA,NA,NA,NA,NA
"Wages and Salaries - Labour only subcontractors","Building completion and finishing (433)",NA,NA,NA,NA,NA,NA,NA,NA,NA,NA,NA,NA
"Wages and Salaries - Labour only subcontractors","Other specialised construction activities (439)",NA,NA,NA,NA,NA,NA,NA,NA,NA,NA,NA,NA
"Wages and Salaries - Labour only subcontractors","Construction (41 to 43)",NA,NA,NA,NA,NA,NA,NA,NA,NA,NA,NA,NA
"Wages and Salaries - Total","Development of building projects (411)",159545,132153,70836,53924,43848,51313,62503,41457,83166,115048,131153,182351
"Wages and Salaries - Total","Construction of residential and non-residential buildings (412)",2025932,1385667,853547,600327,479868,494748,631743,572298,1023051,1364556,1548722,1721650
"Wages and Salaries - Total","Construction of roads and railways (421)",224050,145728,107032,85699,87330,44394,91269,115057,123543,139335,194676,221302
"Wages and Salaries - Total","Construction of utility projects (422)",95966,77532,69619,61604,58663,35473,74220,97234,111506,123004,125291,112913
"Wages and Salaries - Total","Construction of other civil engineering projects (429)",153793,151554,88741,78975,70966,34368,68904,101411,113031,123834,119364,155601
"Wages and Salaries - Total","Demolition and site preparation (431)",93288,71879,45500,30346,27514,26278,40779,47008,56282,66570,80569,80837
"Wages and Salaries - Total","Electrical, plumbing and other construction installation activities (432)",1222075,1040976,796796,605994,577751,610282,998975,1103419,1074716,1438791,1562850,1951041
"Wages and Salaries - Total","Building completion and finishing (433)",1363489,993166,718242,531921,519139,511827,780854,846237,850038,1154217,1166075,1096325
"Wages and Salaries - Total","Other specialised construction activities (439)",910116,632952,411631,287765,269719,286880,454350,506652,537727,731221,787607,805776
"Wages and Salaries - Total","Construction (41 to 43)",6248254,4631607,3161945,2336554,2134799,2095563,3203597,3430773,3973059,5256576,5716307,6327796
"Labour Costs - Other","Development of building projects (411)",NA,NA,NA,NA,NA,NA,NA,6424,14222,18314,19350,29759
"Labour Costs - Other","Construction of residential and non-residential buildings (412)",NA,NA,NA,NA,NA,NA,NA,89396,181226,221195,243802,273177
"Labour Costs - Other","Construction of roads and railways (421)",NA,NA,NA,NA,NA,NA,NA,13124,17099,21508,23826,32758
"Labour Costs - Other","Construction of utility projects (422)",NA,NA,NA,NA,NA,NA,NA,10939,16629,18483,17761,14872
"Labour Costs - Other","Construction of other civil engineering projects (429)",NA,NA,NA,NA,NA,NA,NA,12538,15387,19605,15118,19442
"Labour Costs - Other","Demolition and site preparation (431)",NA,NA,NA,NA,NA,NA,NA,5937,7186,8447,10538,8566
"Labour Costs - Other","Electrical, plumbing and other construction installation activities (432)",NA,NA,NA,NA,NA,NA,NA,123402,128546,180366,194025,258061
"Labour Costs - Other","Building completion and finishing (433)",NA,NA,NA,NA,NA,NA,NA,95078,98858,143711,146175,183302
"Labour Costs - Other","Other specialised construction activities (439)",NA,NA,NA,NA,NA,NA,NA,57180,63400,93412,99244,104754
"Labour Costs - Other","Construction (41 to 43)",NA,NA,NA,NA,NA,NA,NA,414018,542554,725040,769838,924690
"Labour Costs - Total","Development of building projects (411)",192235,162647,87836,64145,51850,60599,72276,47881,97388,133361,150502,212110
"Labour Costs - Total","Construction of residential and non-residential buildings (412)",2441038,1705406,1058394,714119,567449,584277,730524,661695,1204277,1585751,1792523,1994828
"Labour Costs - Total","Construction of roads and railways (421)",265609,174448,127223,95186,100636,75679,105406,128182,140642,160843,218502,254060
"Labour Costs - Total","Construction of utility projects (422)",113767,92812,82753,68424,67601,60472,85717,108172,128135,141487,143051,127785
"Labour Costs - Total","Construction of other civil engineering projects (429)",182320,181422,105482,87717,81777,58587,79577,113949,128417,143439,134482,175042
"Labour Costs - Total","Demolition and site preparation (431)",108865,82619,53136,35828,31614,30415,44629,52945,63468,75017,91107,89403
"Labour Costs - Total","Electrical, plumbing and other construction installation activities (432)",1426132,1196523,930515,715467,663846,706344,1093281,1226821,1203262,1619157,1756875,2209101
"Labour Costs - Total","Building completion and finishing (433)",1591159,1141570,838778,628012,596500,592391,854569,941315,948896,1297928,1312250,1279627
"Labour Costs - Total","Other specialised construction activities (439)",1062083,727531,480712,339750,309912,332037,497242,563832,601128,824633,886851,910530
"Labour Costs - Total","Construction (41 to 43)",7383211,5464978,3764831,2748647,2471185,2500802,3563222,3844791,4515613,5981616,6486145,7252486
"Turnover - Principal","Development of building projects (411)",NA,NA,NA,NA,NA,NA,NA,NA,NA,NA,NA,NA
"Turnover - Principal","Construction of residential and non-residential buildings (412)",NA,NA,NA,NA,NA,NA,NA,NA,NA,NA,NA,NA
"Turnover - Principal","Construction of roads and railways (421)",NA,NA,NA,NA,NA,NA,NA,NA,NA,NA,NA,NA
"Turnover - Principal","Construction of utility projects (422)",NA,NA,NA,NA,NA,NA,NA,NA,NA,NA,NA,NA
"Turnover - Principal","Construction of other civil engineering projects (429)",NA,NA,NA,NA,NA,NA,NA,NA,NA,NA,NA,NA
"Turnover - Principal","Demolition and site preparation (431)",NA,NA,NA,NA,NA,NA,NA,NA,NA,NA,NA,NA
"Turnover - Principal","Electrical, plumbing and other construction installation activities (432)",NA,NA,NA,NA,NA,NA,NA,NA,NA,NA,NA,NA
"Turnover - Principal","Building completion and finishing (433)",NA,NA,NA,NA,NA,NA,NA,NA,NA,NA,NA,NA
"Turnover - Principal","Other specialised construction activities (439)",NA,NA,NA,NA,NA,NA,NA,NA,NA,NA,NA,NA
"Turnover - Principal","Construction (41 to 43)",NA,NA,NA,NA,NA,NA,NA,NA,NA,NA,NA,NA
"Turnover - Subcontractor","Development of building projects (411)",NA,NA,NA,NA,NA,NA,NA,NA,NA,NA,NA,NA
"Turnover - Subcontractor","Construction of residential and non-residential buildings (412)",NA,NA,NA,NA,NA,NA,NA,NA,NA,NA,NA,NA
"Turnover - Subcontractor","Construction of roads and railways (421)",NA,NA,NA,NA,NA,NA,NA,NA,NA,NA,NA,NA
"Turnover - Subcontractor","Construction of utility projects (422)",NA,NA,NA,NA,NA,NA,NA,NA,NA,NA,NA,NA
"Turnover - Subcontractor","Construction of other civil engineering projects (429)",NA,NA,NA,NA,NA,NA,NA,NA,NA,NA,NA,NA
"Turnover - Subcontractor","Demolition and site preparation (431)",NA,NA,NA,NA,NA,NA,NA,NA,NA,NA,NA,NA
"Turnover - Subcontractor","Electrical, plumbing and other construction installation activities (432)",NA,NA,NA,NA,NA,NA,NA,NA,NA,NA,NA,NA
"Turnover - Subcontractor","Building completion and finishing (433)",NA,NA,NA,NA,NA,NA,NA,NA,NA,NA,NA,NA
"Turnover - Subcontractor","Other specialised construction activities (439)",NA,NA,NA,NA,NA,NA,NA,NA,NA,NA,NA,NA
"Turnover - Subcontractor","Construction (41 to 43)",NA,NA,NA,NA,NA,NA,NA,NA,NA,NA,NA,NA
"Turnover - Manufacturing","Development of building projects (411)",NA,NA,NA,NA,NA,NA,NA,NA,NA,NA,NA,NA
"Turnover - Manufacturing","Construction of residential and non-residential buildings (412)",NA,NA,NA,NA,NA,NA,NA,NA,NA,NA,NA,NA
"Turnover - Manufacturing","Construction of roads and railways (421)",NA,NA,NA,NA,NA,NA,NA,NA,NA,NA,NA,NA
"Turnover - Manufacturing","Construction of utility projects (422)",NA,NA,NA,NA,NA,NA,NA,NA,NA,NA,NA,NA
"Turnover - Manufacturing","Construction of other civil engineering projects (429)",NA,NA,NA,NA,NA,NA,NA,NA,NA,NA,NA,NA
"Turnover - Manufacturing","Demolition and site preparation (431)",NA,NA,NA,NA,NA,NA,NA,NA,NA,NA,NA,NA
"Turnover - Manufacturing","Electrical, plumbing and other construction installation activities (432)",NA,NA,NA,NA,NA,NA,NA,NA,NA,NA,NA,NA
"Turnover - Manufacturing","Building completion and finishing (433)",NA,NA,NA,NA,NA,NA,NA,NA,NA,NA,NA,NA
"Turnover - Manufacturing","Other specialised construction activities (439)",NA,NA,NA,NA,NA,NA,NA,NA,NA,NA,NA,NA
"Turnover - Manufacturing","Construction (41 to 43)",NA,NA,NA,NA,NA,NA,NA,NA,NA,NA,NA,NA
"Turnover - Factored goods","Development of building projects (411)",NA,NA,NA,NA,NA,NA,NA,NA,NA,NA,NA,NA
"Turnover - Factored goods","Construction of residential and non-residential buildings (412)",NA,NA,NA,NA,NA,NA,NA,NA,NA,NA,NA,NA
"Turnover - Factored goods","Construction of roads and railways (421)",NA,NA,NA,NA,NA,NA,NA,NA,NA,NA,NA,NA
"Turnover - Factored goods","Construction of utility projects (422)",NA,NA,NA,NA,NA,NA,NA,NA,NA,NA,NA,NA
"Turnover - Factored goods","Construction of other civil engineering projects (429)",NA,NA,NA,NA,NA,NA,NA,NA,NA,NA,NA,NA
"Turnover - Factored goods","Demolition and site preparation (431)",NA,NA,NA,NA,NA,NA,NA,NA,NA,NA,NA,NA
"Turnover - Factored goods","Electrical, plumbing and other construction installation activities (432)",NA,NA,NA,NA,NA,NA,NA,NA,NA,NA,NA,NA
"Turnover - Factored goods","Building completion and finishing (433)",NA,NA,NA,NA,NA,NA,NA,NA,NA,NA,NA,NA
"Turnover - Factored goods","Other specialised construction activities (439)",NA,NA,NA,NA,NA,NA,NA,NA,NA,NA,NA,NA
"Turnover - Factored goods","Construction (41 to 43)",NA,NA,NA,NA,NA,NA,NA,NA,NA,NA,NA,NA
"Turnover - Other","Development of building projects (411)",NA,NA,NA,NA,NA,NA,NA,NA,NA,NA,NA,NA
"Turnover - Other","Construction of residential and non-residential buildings (412)",NA,NA,NA,NA,NA,NA,NA,NA,NA,NA,NA,NA
"Turnover - Other","Construction of roads and railways (421)",NA,NA,NA,NA,NA,NA,NA,NA,NA,NA,NA,NA
"Turnover - Other","Construction of utility projects (422)",NA,NA,NA,NA,NA,NA,NA,NA,NA,NA,NA,NA
"Turnover - Other","Construction of other civil engineering projects (429)",NA,NA,NA,NA,NA,NA,NA,NA,NA,NA,NA,NA
"Turnover - Other","Demolition and site preparation (431)",NA,NA,NA,NA,NA,NA,NA,NA,NA,NA,NA,NA
"Turnover - Other","Electrical, plumbing and other construction installation activities (432)",NA,NA,NA,NA,NA,NA,NA,NA,NA,NA,NA,NA
"Turnover - Other","Building completion and finishing (433)",NA,NA,NA,NA,NA,NA,NA,NA,NA,NA,NA,NA
"Turnover - Other","Other specialised construction activities (439)",NA,NA,NA,NA,NA,NA,NA,NA,NA,NA,NA,NA
"Turnover - Other","Construction (41 to 43)",NA,NA,NA,NA,NA,NA,NA,NA,NA,NA,NA,NA
"Turnover - Total","Development of building projects (411)",6175686,3452457,2713142,3452607,868556,1539755,1913816,1853618,1916548,3055985,3538944,3088442
"Turnover - Total","Construction of residential and non-residential buildings (412)",15449821,7964626,5810152,4488019,2130950,2490835,4281061,4387261,7291119,9009510,11603965,11967714
"Turnover - Total","Construction of roads and railways (421)",1302077,1146125,598787,495979,559818,411893,452166,412185,591599,744444,963712,1063883
"Turnover - Total","Construction of utility projects (422)",479861,588431,284644,285675,244850,227018,310999,243883,378767,514568,577655,548693
"Turnover - Total","Construction of other civil engineering projects (429)",1293242,1084546,535798,471116,380894,294116,414255,366540,575797,656825,575170,679207
"Turnover - Total","Demolition and site preparation (431)",436163,326747,734209,328384,143387,156139,206462,157234,296553,318703,347042,452122
"Turnover - Total","Electrical, plumbing and other construction installation activities (432)",4249550,3917471,2903785,2413289,2056164,2132397,3090986,3372981,3700058,4663307,5091111,7769122
"Turnover - Total","Building completion and finishing (433)",4633855,3315685,2572969,2105819,1498217,1730715,2213083,2677401,2823677,3503075,3651689,4723443
"Turnover - Total","Other specialised construction activities (439)",4070359,2274150,1559412,1536559,914569,1013814,1325380,1473617,1854075,2402241,2803627,3408003
"Turnover - Total","Construction (41 to 43)",38090615,24070238,17712899,15577448,8797406,9996682,14208208,14944720,19428195,24868658,29152915,33700629
"Payments to other subcontractors","Development of building projects (411)",NA,NA,NA,NA,NA,NA,NA,NA,NA,NA,NA,NA
"Payments to other subcontractors","Construction of residential and non-residential buildings (412)",NA,NA,NA,NA,NA,NA,NA,NA,NA,NA,NA,NA
"Payments to other subcontractors","Construction of roads and railways (421)",NA,NA,NA,NA,NA,NA,NA,NA,NA,NA,NA,NA
"Payments to other subcontractors","Construction of utility projects (422)",NA,NA,NA,NA,NA,NA,NA,NA,NA,NA,NA,NA
"Payments to other subcontractors","Construction of other civil engineering projects (429)",NA,NA,NA,NA,NA,NA,NA,NA,NA,NA,NA,NA
"Payments to other subcontractors","Demolition and site preparation (431)",NA,NA,NA,NA,NA,NA,NA,NA,NA,NA,NA,NA
"Payments to other subcontractors","Electrical, plumbing and other construction installation activities (432)",NA,NA,NA,NA,NA,NA,NA,NA,NA,NA,NA,NA
"Payments to other subcontractors","Building completion and finishing (433)",NA,NA,NA,NA,NA,NA,NA,NA,NA,NA,NA,NA
"Payments to other subcontractors","Other specialised construction activities (439)",NA,NA,NA,NA,NA,NA,NA,NA,NA,NA,NA,NA
"Payments to other subcontractors","Construction (41 to 43)",NA,NA,NA,NA,NA,NA,NA,NA,NA,NA,NA,NA
"Turnover less payments to subcontractors","Development of building projects (411)",NA,NA,NA,NA,NA,NA,NA,NA,NA,NA,NA,NA
"Turnover less payments to subcontractors","Construction of residential and non-residential buildings (412)",NA,NA,NA,NA,NA,NA,NA,NA,NA,NA,NA,NA
"Turnover less payments to subcontractors","Construction of roads and railways (421)",NA,NA,NA,NA,NA,NA,NA,NA,NA,NA,NA,NA
"Turnover less payments to subcontractors","Construction of utility projects (422)",NA,NA,NA,NA,NA,NA,NA,NA,NA,NA,NA,NA
"Turnover less payments to subcontractors","Construction of other civil engineering projects (429)",NA,NA,NA,NA,NA,NA,NA,NA,NA,NA,NA,NA
"Turnover less payments to subcontractors","Demolition and site preparation (431)",NA,NA,NA,NA,NA,NA,NA,NA,NA,NA,NA,NA
"Turnover less payments to subcontractors","Electrical, plumbing and other construction installation activities (432)",NA,NA,NA,NA,NA,NA,NA,NA,NA,NA,NA,NA
"Turnover less payments to subcontractors","Building completion and finishing (433)",NA,NA,NA,NA,NA,NA,NA,NA,NA,NA,NA,NA
"Turnover less payments to subcontractors","Other specialised construction activities (439)",NA,NA,NA,NA,NA,NA,NA,NA,NA,NA,NA,NA
"Turnover less payments to subcontractors","Construction (41 to 43)",NA,NA,NA,NA,NA,NA,NA,NA,NA,NA,NA,NA
"Assets made for own use","Development of building projects (411)",NA,NA,NA,NA,NA,NA,NA,NA,NA,NA,NA,NA
"Assets made for own use","Construction of residential and non-residential buildings (412)",NA,NA,NA,NA,NA,NA,NA,NA,NA,NA,NA,NA
"Assets made for own use","Construction of roads and railways (421)",NA,NA,NA,NA,NA,NA,NA,NA,NA,NA,NA,NA
"Assets made for own use","Construction of utility projects (422)",NA,NA,NA,NA,NA,NA,NA,NA,NA,NA,NA,NA
"Assets made for own use","Construction of other civil engineering projects (429)",NA,NA,NA,NA,NA,NA,NA,NA,NA,NA,NA,NA
"Assets made for own use","Demolition and site preparation (431)",NA,NA,NA,NA,NA,NA,NA,NA,NA,NA,NA,NA
"Assets made for own use","Electrical, plumbing and other construction installation activities (432)",NA,NA,NA,NA,NA,NA,NA,NA,NA,NA,NA,NA
"Assets made for own use","Building completion and finishing (433)",NA,NA,NA,NA,NA,NA,NA,NA,NA,NA,NA,NA
"Assets made for own use","Other specialised construction activities (439)",NA,NA,NA,NA,NA,NA,NA,NA,NA,NA,NA,NA
"Assets made for own use","Construction (41 to 43)",NA,NA,NA,NA,NA,NA,NA,NA,NA,NA,NA,NA
"Purchases - Materials and energy","Development of building projects (411)",NA,NA,NA,NA,NA,NA,NA,NA,NA,NA,NA,NA
"Purchases - Materials and energy","Construction of residential and non-residential buildings (412)",NA,NA,NA,NA,NA,NA,NA,NA,NA,NA,NA,NA
"Purchases - Materials and energy","Construction of roads and railways (421)",NA,NA,NA,NA,NA,NA,NA,NA,NA,NA,NA,NA
"Purchases - Materials and energy","Construction of utility projects (422)",NA,NA,NA,NA,NA,NA,NA,NA,NA,NA,NA,NA
"Purchases - Materials and energy","Construction of other civil engineering projects (429)",NA,NA,NA,NA,NA,NA,NA,NA,NA,NA,NA,NA
"Purchases - Materials and energy","Demolition and site preparation (431)",NA,NA,NA,NA,NA,NA,NA,NA,NA,NA,NA,NA
"Purchases - Materials and energy","Electrical, plumbing and other construction installation activities (432)",NA,NA,NA,NA,NA,NA,NA,NA,NA,NA,NA,NA
"Purchases - Materials and energy","Building completion and finishing (433)",NA,NA,NA,NA,NA,NA,NA,NA,NA,NA,NA,NA
"Purchases - Materials and energy","Other specialised construction activities (439)",NA,NA,NA,NA,NA,NA,NA,NA,NA,NA,NA,NA
"Purchases - Materials and energy","Construction (41 to 43)",NA,NA,NA,NA,NA,NA,NA,NA,NA,NA,NA,NA
"Purchases - Industrial services","Development of building projects (411)",NA,NA,NA,NA,NA,NA,NA,NA,NA,NA,NA,NA
"Purchases - Industrial services","Construction of residential and non-residential buildings (412)",NA,NA,NA,NA,NA,NA,NA,NA,NA,NA,NA,NA
"Purchases - Industrial services","Construction of roads and railways (421)",NA,NA,NA,NA,NA,NA,NA,NA,NA,NA,NA,NA
"Purchases - Industrial services","Construction of utility projects (422)",NA,NA,NA,NA,NA,NA,NA,NA,NA,NA,NA,NA
"Purchases - Industrial services","Construction of other civil engineering projects (429)",NA,NA,NA,NA,NA,NA,NA,NA,NA,NA,NA,NA
"Purchases - Industrial services","Demolition and site preparation (431)",NA,NA,NA,NA,NA,NA,NA,NA,NA,NA,NA,NA
"Purchases - Industrial services","Electrical, plumbing and other construction installation activities (432)",NA,NA,NA,NA,NA,NA,NA,NA,NA,NA,NA,NA
"Purchases - Industrial services","Building completion and finishing (433)",NA,NA,NA,NA,NA,NA,NA,NA,NA,NA,NA,NA
"Purchases - Industrial services","Other specialised construction activities (439)",NA,NA,NA,NA,NA,NA,NA,NA,NA,NA,NA,NA
"Purchases - Industrial services","Construction (41 to 43)",NA,NA,NA,NA,NA,NA,NA,NA,NA,NA,NA,NA
"Purchases - Factored goods","Development of building projects (411)",NA,NA,NA,NA,NA,NA,NA,0,0,0,0,7
"Purchases - Factored goods","Construction of residential and non-residential buildings (412)",NA,NA,NA,NA,NA,NA,NA,0,0,0,0,29
"Purchases - Factored goods","Construction of roads and railways (421)",NA,NA,NA,NA,NA,NA,NA,0,0,0,0,0
"Purchases - Factored goods","Construction of utility projects (422)",NA,NA,NA,NA,NA,NA,NA,0,0,0,0,0
"Purchases - Factored goods","Construction of other civil engineering projects (429)",NA,NA,NA,NA,NA,NA,NA,0,0,0,0,0
"Purchases - Factored goods","Demolition and site preparation (431)",NA,NA,NA,NA,NA,NA,NA,182,497,859,1180,1593
"Purchases - Factored goods","Electrical, plumbing and other construction installation activities (432)",NA,NA,NA,NA,NA,NA,NA,5770,8412,16648,23838,34081
"Purchases - Factored goods","Building completion and finishing (433)",NA,NA,NA,NA,NA,NA,NA,3533,4922,10496,12371,16919
"Purchases - Factored goods","Other specialised construction activities (439)",NA,NA,NA,NA,NA,NA,NA,1857,3232,6997,8439,11806
"Purchases - Factored goods","Construction (41 to 43)",NA,NA,NA,NA,NA,NA,NA,11342,17064,35000,45828,64435
"Purchases - Other goods/services","Development of building projects (411)",NA,NA,NA,NA,NA,NA,NA,NA,NA,NA,NA,NA
"Purchases - Other goods/services","Construction of residential and non-residential buildings (412)",NA,NA,NA,NA,NA,NA,NA,NA,NA,NA,NA,NA
"Purchases - Other goods/services","Construction of roads and railways (421)",NA,NA,NA,NA,NA,NA,NA,NA,NA,NA,NA,NA
"Purchases - Other goods/services","Construction of utility projects (422)",NA,NA,NA,NA,NA,NA,NA,NA,NA,NA,NA,NA
"Purchases - Other goods/services","Construction of other civil engineering projects (429)",NA,NA,NA,NA,NA,NA,NA,NA,NA,NA,NA,NA
"Purchases - Other goods/services","Demolition and site preparation (431)",NA,NA,NA,NA,NA,NA,NA,NA,NA,NA,NA,NA
"Purchases - Other goods/services","Electrical, plumbing and other construction installation activities (432)",NA,NA,NA,NA,NA,NA,NA,NA,NA,NA,NA,NA
"Purchases - Other goods/services","Building completion and finishing (433)",NA,NA,NA,NA,NA,NA,NA,NA,NA,NA,NA,NA
"Purchases - Other goods/services","Other specialised construction activities (439)",NA,NA,NA,NA,NA,NA,NA,NA,NA,NA,NA,NA
"Purchases - Other goods/services","Construction (41 to 43)",NA,NA,NA,NA,NA,NA,NA,NA,NA,NA,NA,NA
"Purchases - Total","Development of building projects (411)",NA,NA,NA,NA,NA,NA,NA,1685627,1508408,2348210,2724148,4060539
"Purchases - Total","Construction of residential and non-residential buildings (412)",NA,NA,NA,NA,NA,NA,NA,3549214,5494153,6575223,8484714,13104895
"Purchases - Total","Construction of roads and railways (421)",NA,NA,NA,NA,NA,NA,NA,251811,430464,507887,657618,1134018
"Purchases - Total","Construction of utility projects (422)",NA,NA,NA,NA,NA,NA,NA,142940,349821,359575,406492,555455
"Purchases - Total","Construction of other civil engineering projects (429)",NA,NA,NA,NA,NA,NA,NA,244125,393097,492586,381044,685086
"Purchases - Total","Demolition and site preparation (431)",NA,NA,NA,NA,NA,NA,NA,77627,167146,169837,178007,403224
"Purchases - Total","Electrical, plumbing and other construction installation activities (432)",NA,NA,NA,NA,NA,NA,NA,1776336,2154643,2566822,2757474,7264597
"Purchases - Total","Building completion and finishing (433)",NA,NA,NA,NA,NA,NA,NA,1303024,1625085,1899196,1950318,4310072
"Purchases - Total","Other specialised construction activities (439)",NA,NA,NA,NA,NA,NA,NA,730093,1065129,1314748,1365029,3070161
"Purchases - Total","Construction (41 to 43)",NA,NA,NA,NA,NA,NA,NA,9760796,13187945,16234084,18904844,34588048
"Stocks at end of year - Work in progress","Development of building projects (411)",NA,NA,NA,NA,NA,NA,NA,NA,NA,NA,NA,NA
"Stocks at end of year - Work in progress","Construction of residential and non-residential buildings (412)",NA,NA,NA,NA,NA,NA,NA,NA,NA,NA,NA,NA
"Stocks at end of year - Work in progress","Construction of roads and railways (421)",NA,NA,NA,NA,NA,NA,NA,NA,NA,NA,NA,NA
"Stocks at end of year - Work in progress","Construction of utility projects (422)",NA,NA,NA,NA,NA,NA,NA,NA,NA,NA,NA,NA
"Stocks at end of year - Work in progress","Construction of other civil engineering projects (429)",NA,NA,NA,NA,NA,NA,NA,NA,NA,NA,NA,NA
"Stocks at end of year - Work in progress","Demolition and site preparation (431)",NA,NA,NA,NA,NA,NA,NA,NA,NA,NA,NA,NA
"Stocks at end of year - Work in progress","Electrical, plumbing and other construction installation activities (432)",NA,NA,NA,NA,NA,NA,NA,NA,NA,NA,NA,NA
"Stocks at end of year - Work in progress","Building completion and finishing (433)",NA,NA,NA,NA,NA,NA,NA,NA,NA,NA,NA,NA
"Stocks at end of year - Work in progress","Other specialised construction activities (439)",NA,NA,NA,NA,NA,NA,NA,NA,NA,NA,NA,NA
"Stocks at end of year - Work in progress","Construction (41 to 43)",NA,NA,NA,NA,NA,NA,NA,NA,NA,NA,NA,NA
"Stocks at end of year - Unsold finished work","Development of building projects (411)",NA,NA,NA,NA,NA,NA,NA,NA,NA,NA,NA,NA
"Stocks at end of year - Unsold finished work","Construction of residential and non-residential buildings (412)",NA,NA,NA,NA,NA,NA,NA,NA,NA,NA,NA,NA
"Stocks at end of year - Unsold finished work","Construction of roads and railways (421)",NA,NA,NA,NA,NA,NA,NA,NA,NA,NA,NA,NA
"Stocks at end of year - Unsold finished work","Construction of utility projects (422)",NA,NA,NA,NA,NA,NA,NA,NA,NA,NA,NA,NA
"Stocks at end of year - Unsold finished work","Construction of other civil engineering projects (429)",NA,NA,NA,NA,NA,NA,NA,NA,NA,NA,NA,NA
"Stocks at end of year - Unsold finished work","Demolition and site preparation (431)",NA,NA,NA,NA,NA,NA,NA,NA,NA,NA,NA,NA
"Stocks at end of year - Unsold finished work","Electrical, plumbing and other construction installation activities (432)",NA,NA,NA,NA,NA,NA,NA,NA,NA,NA,NA,NA
"Stocks at end of year - Unsold finished work","Building completion and finishing (433)",NA,NA,NA,NA,NA,NA,NA,NA,NA,NA,NA,NA
"Stocks at end of year - Unsold finished work","Other specialised construction activities (439)",NA,NA,NA,NA,NA,NA,NA,NA,NA,NA,NA,NA
"Stocks at end of year - Unsold finished work","Construction (41 to 43)",NA,NA,NA,NA,NA,NA,NA,NA,NA,NA,NA,NA
"Stocks at end of year - Materials and energy","Development of building projects (411)",NA,NA,NA,NA,NA,NA,NA,NA,NA,NA,NA,NA
"Stocks at end of year - Materials and energy","Construction of residential and non-residential buildings (412)",NA,NA,NA,NA,NA,NA,NA,NA,NA,NA,NA,NA
"Stocks at end of year - Materials and energy","Construction of roads and railways (421)",NA,NA,NA,NA,NA,NA,NA,NA,NA,NA,NA,NA
"Stocks at end of year - Materials and energy","Construction of utility projects (422)",NA,NA,NA,NA,NA,NA,NA,NA,NA,NA,NA,NA
"Stocks at end of year - Materials and energy","Construction of other civil engineering projects (429)",NA,NA,NA,NA,NA,NA,NA,NA,NA,NA,NA,NA
"Stocks at end of year - Materials and energy","Demolition and site preparation (431)",NA,NA,NA,NA,NA,NA,NA,NA,NA,NA,NA,NA
"Stocks at end of year - Materials and energy","Electrical, plumbing and other construction installation activities (432)",NA,NA,NA,NA,NA,NA,NA,NA,NA,NA,NA,NA
"Stocks at end of year - Materials and energy","Building completion and finishing (433)",NA,NA,NA,NA,NA,NA,NA,NA,NA,NA,NA,NA
"Stocks at end of year - Materials and energy","Other specialised construction activities (439)",NA,NA,NA,NA,NA,NA,NA,NA,NA,NA,NA,NA
"Stocks at end of year - Materials and energy","Construction (41 to 43)",NA,NA,NA,NA,NA,NA,NA,NA,NA,NA,NA,NA
"Stocks at end of year - Factored goods","Development of building projects (411)",NA,NA,NA,NA,NA,NA,NA,NA,NA,NA,NA,NA
"Stocks at end of year - Factored goods","Construction of residential and non-residential buildings (412)",NA,NA,NA,NA,NA,NA,NA,NA,NA,NA,NA,NA
"Stocks at end of year - Factored goods","Construction of roads and railways (421)",NA,NA,NA,NA,NA,NA,NA,NA,NA,NA,NA,NA
"Stocks at end of year - Factored goods","Construction of utility projects (422)",NA,NA,NA,NA,NA,NA,NA,NA,NA,NA,NA,NA
"Stocks at end of year - Factored goods","Construction of other civil engineering projects (429)",NA,NA,NA,NA,NA,NA,NA,NA,NA,NA,NA,NA
"Stocks at end of year - Factored goods","Demolition and site preparation (431)",NA,NA,NA,NA,NA,NA,NA,NA,NA,NA,NA,NA
"Stocks at end of year - Factored goods","Electrical, plumbing and other construction installation activities (432)",NA,NA,NA,NA,NA,NA,NA,NA,NA,NA,NA,NA
"Stocks at end of year - Factored goods","Building completion and finishing (433)",NA,NA,NA,NA,NA,NA,NA,NA,NA,NA,NA,NA
"Stocks at end of year - Factored goods","Other specialised construction activities (439)",NA,NA,NA,NA,NA,NA,NA,NA,NA,NA,NA,NA
"Stocks at end of year - Factored goods","Construction (41 to 43)",NA,NA,NA,NA,NA,NA,NA,NA,NA,NA,NA,NA
"Stocks at end of year - Total","Development of building projects (411)",NA,NA,NA,NA,NA,NA,NA,NA,NA,NA,NA,NA
"Stocks at end of year - Total","Construction of residential and non-residential buildings (412)",NA,NA,NA,NA,NA,NA,NA,NA,NA,NA,NA,NA
"Stocks at end of year - Total","Construction of roads and railways (421)",NA,NA,NA,NA,NA,NA,NA,NA,NA,NA,NA,NA
"Stocks at end of year - Total","Construction of utility projects (422)",NA,NA,NA,NA,NA,NA,NA,NA,NA,NA,NA,NA
"Stocks at end of year - Total","Construction of other civil engineering projects (429)",NA,NA,NA,NA,NA,NA,NA,NA,NA,NA,NA,NA
"Stocks at end of year - Total","Demolition and site preparation (431)",NA,NA,NA,NA,NA,NA,NA,NA,NA,NA,NA,NA
"Stocks at end of year - Total","Electrical, plumbing and other construction installation activities (432)",NA,NA,NA,NA,NA,NA,NA,NA,NA,NA,NA,NA
"Stocks at end of year - Total","Building completion and finishing (433)",NA,NA,NA,NA,NA,NA,NA,NA,NA,NA,NA,NA
"Stocks at end of year - Total","Other specialised construction activities (439)",NA,NA,NA,NA,NA,NA,NA,NA,NA,NA,NA,NA
"Stocks at end of year - Total","Construction (41 to 43)",NA,NA,NA,NA,NA,NA,NA,NA,NA,NA,NA,NA
"Stock changes - Work in progress","Development of building projects (411)",NA,NA,NA,NA,NA,NA,NA,NA,NA,NA,NA,NA
"Stock changes - Work in progress","Construction of residential and non-residential buildings (412)",NA,NA,NA,NA,NA,NA,NA,NA,NA,NA,NA,NA
"Stock changes - Work in progress","Construction of roads and railways (421)",NA,NA,NA,NA,NA,NA,NA,NA,NA,NA,NA,NA
"Stock changes - Work in progress","Construction of utility projects (422)",NA,NA,NA,NA,NA,NA,NA,NA,NA,NA,NA,NA
"Stock changes - Work in progress","Construction of other civil engineering projects (429)",NA,NA,NA,NA,NA,NA,NA,NA,NA,NA,NA,NA
"Stock changes - Work in progress","Demolition and site preparation (431)",NA,NA,NA,NA,NA,NA,NA,NA,NA,NA,NA,NA
"Stock changes - Work in progress","Electrical, plumbing and other construction installation activities (432)",NA,NA,NA,NA,NA,NA,NA,NA,NA,NA,NA,NA
"Stock changes - Work in progress","Building completion and finishing (433)",NA,NA,NA,NA,NA,NA,NA,NA,NA,NA,NA,NA
"Stock changes - Work in progress","Other specialised construction activities (439)",NA,NA,NA,NA,NA,NA,NA,NA,NA,NA,NA,NA
"Stock changes - Work in progress","Construction (41 to 43)",NA,NA,NA,NA,NA,NA,NA,NA,NA,NA,NA,NA
"Stock changes - Unsold finished work","Development of building projects (411)",NA,NA,NA,NA,NA,NA,NA,NA,NA,NA,NA,NA
"Stock changes - Unsold finished work","Construction of residential and non-residential buildings (412)",NA,NA,NA,NA,NA,NA,NA,NA,NA,NA,NA,NA
"Stock changes - Unsold finished work","Construction of roads and railways (421)",NA,NA,NA,NA,NA,NA,NA,NA,NA,NA,NA,NA
"Stock changes - Unsold finished work","Construction of utility projects (422)",NA,NA,NA,NA,NA,NA,NA,NA,NA,NA,NA,NA
"Stock changes - Unsold finished work","Construction of other civil engineering projects (429)",NA,NA,NA,NA,NA,NA,NA,NA,NA,NA,NA,NA
"Stock changes - Unsold finished work","Demolition and site preparation (431)",NA,NA,NA,NA,NA,NA,NA,NA,NA,NA,NA,NA
"Stock changes - Unsold finished work","Electrical, plumbing and other construction installation activities (432)",NA,NA,NA,NA,NA,NA,NA,NA,NA,NA,NA,NA
"Stock changes - Unsold finished work","Building completion and finishing (433)",NA,NA,NA,NA,NA,NA,NA,NA,NA,NA,NA,NA
"Stock changes - Unsold finished work","Other specialised construction activities (439)",NA,NA,NA,NA,NA,NA,NA,NA,NA,NA,NA,NA
"Stock changes - Unsold finished work","Construction (41 to 43)",NA,NA,NA,NA,NA,NA,NA,NA,NA,NA,NA,NA
"Stock changes - Materials and energy","Development of building projects (411)",NA,NA,NA,NA,NA,NA,NA,NA,NA,NA,NA,NA
"Stock changes - Materials and energy","Construction of residential and non-residential buildings (412)",NA,NA,NA,NA,NA,NA,NA,NA,NA,NA,NA,NA
"Stock changes - Materials and energy","Construction of roads and railways (421)",NA,NA,NA,NA,NA,NA,NA,NA,NA,NA,NA,NA
"Stock changes - Materials and energy","Construction of utility projects (422)",NA,NA,NA,NA,NA,NA,NA,NA,NA,NA,NA,NA
"Stock changes - Materials and energy","Construction of other civil engineering projects (429)",NA,NA,NA,NA,NA,NA,NA,NA,NA,NA,NA,NA
"Stock changes - Materials and energy","Demolition and site preparation (431)",NA,NA,NA,NA,NA,NA,NA,NA,NA,NA,NA,NA
"Stock changes - Materials and energy","Electrical, plumbing and other construction installation activities (432)",NA,NA,NA,NA,NA,NA,NA,NA,NA,NA,NA,NA
"Stock changes - Materials and energy","Building completion and finishing (433)",NA,NA,NA,NA,NA,NA,NA,NA,NA,NA,NA,NA
"Stock changes - Materials and energy","Other specialised construction activities (439)",NA,NA,NA,NA,NA,NA,NA,NA,NA,NA,NA,NA
"Stock changes - Materials and energy","Construction (41 to 43)",NA,NA,NA,NA,NA,NA,NA,NA,NA,NA,NA,NA
"Stock changes - Factored goods","Development of building projects (411)",NA,NA,NA,NA,NA,NA,NA,NA,NA,NA,NA,NA
"Stock changes - Factored goods","Construction of residential and non-residential buildings (412)",NA,NA,NA,NA,NA,NA,NA,NA,NA,NA,NA,NA
"Stock changes - Factored goods","Construction of roads and railways (421)",NA,NA,NA,NA,NA,NA,NA,NA,NA,NA,NA,NA
"Stock changes - Factored goods","Construction of utility projects (422)",NA,NA,NA,NA,NA,NA,NA,NA,NA,NA,NA,NA
"Stock changes - Factored goods","Construction of other civil engineering projects (429)",NA,NA,NA,NA,NA,NA,NA,NA,NA,NA,NA,NA
"Stock changes - Factored goods","Demolition and site preparation (431)",NA,NA,NA,NA,NA,NA,NA,NA,NA,NA,NA,NA
"Stock changes - Factored goods","Electrical, plumbing and other construction installation activities (432)",NA,NA,NA,NA,NA,NA,NA,NA,NA,NA,NA,NA
"Stock changes - Factored goods","Building completion and finishing (433)",NA,NA,NA,NA,NA,NA,NA,NA,NA,NA,NA,NA
"Stock changes - Factored goods","Other specialised construction activities (439)",NA,NA,NA,NA,NA,NA,NA,NA,NA,NA,NA,NA
"Stock changes - Factored goods","Construction (41 to 43)",NA,NA,NA,NA,NA,NA,NA,NA,NA,NA,NA,NA
"Stock changes - Total","Development of building projects (411)",NA,NA,NA,NA,NA,NA,NA,NA,NA,NA,NA,NA
"Stock changes - Total","Construction of residential and non-residential buildings (412)",NA,NA,NA,NA,NA,NA,NA,NA,NA,NA,NA,NA
"Stock changes - Total","Construction of roads and railways (421)",NA,NA,NA,NA,NA,NA,NA,NA,NA,NA,NA,NA
"Stock changes - Total","Construction of utility projects (422)",NA,NA,NA,NA,NA,NA,NA,NA,NA,NA,NA,NA
"Stock changes - Total","Construction of other civil engineering projects (429)",NA,NA,NA,NA,NA,NA,NA,NA,NA,NA,NA,NA
"Stock changes - Total","Demolition and site preparation (431)",NA,NA,NA,NA,NA,NA,NA,NA,NA,NA,NA,NA
"Stock changes - Total","Electrical, plumbing and other construction installation activities (432)",NA,NA,NA,NA,NA,NA,NA,NA,NA,NA,NA,NA
"Stock changes - Total","Building completion and finishing (433)",NA,NA,NA,NA,NA,NA,NA,NA,NA,NA,NA,NA
"Stock changes - Total","Other specialised construction activities (439)",NA,NA,NA,NA,NA,NA,NA,NA,NA,NA,NA,NA
"Stock changes - Total","Construction (41 to 43)",NA,NA,NA,NA,NA,NA,NA,NA,NA,NA,NA,NA
"Capital assets - Acquisitions","Development of building projects (411)",NA,NA,NA,NA,NA,NA,NA,NA,NA,NA,NA,NA
"Capital assets - Acquisitions","Construction of residential and non-residential buildings (412)",NA,NA,NA,NA,NA,NA,NA,NA,NA,NA,NA,NA
"Capital assets - Acquisitions","Construction of roads and railways (421)",NA,NA,NA,NA,NA,NA,NA,NA,NA,NA,NA,NA
"Capital assets - Acquisitions","Construction of utility projects (422)",NA,NA,NA,NA,NA,NA,NA,NA,NA,NA,NA,NA
"Capital assets - Acquisitions","Construction of other civil engineering projects (429)",NA,NA,NA,NA,NA,NA,NA,NA,NA,NA,NA,NA
"Capital assets - Acquisitions","Demolition and site preparation (431)",NA,NA,NA,NA,NA,NA,NA,NA,NA,NA,NA,NA
"Capital assets - Acquisitions","Electrical, plumbing and other construction installation activities (432)",NA,NA,NA,NA,NA,NA,NA,NA,NA,NA,NA,NA
"Capital assets - Acquisitions","Building completion and finishing (433)",NA,NA,NA,NA,NA,NA,NA,NA,NA,NA,NA,NA
"Capital assets - Acquisitions","Other specialised construction activities (439)",NA,NA,NA,NA,NA,NA,NA,NA,NA,NA,NA,NA
"Capital assets - Acquisitions","Construction (41 to 43)",NA,NA,NA,NA,NA,NA,NA,NA,NA,NA,NA,NA
"Capital assets - Sales","Development of building projects (411)",NA,NA,NA,NA,NA,NA,NA,NA,NA,NA,NA,NA
"Capital assets - Sales","Construction of residential and non-residential buildings (412)",NA,NA,NA,NA,NA,NA,NA,NA,NA,NA,NA,NA
"Capital assets - Sales","Construction of roads and railways (421)",NA,NA,NA,NA,NA,NA,NA,NA,NA,NA,NA,NA
"Capital assets - Sales","Construction of utility projects (422)",NA,NA,NA,NA,NA,NA,NA,NA,NA,NA,NA,NA
"Capital assets - Sales","Construction of other civil engineering projects (429)",NA,NA,NA,NA,NA,NA,NA,NA,NA,NA,NA,NA
"Capital assets - Sales","Demolition and site preparation (431)",NA,NA,NA,NA,NA,NA,NA,NA,NA,NA,NA,NA
"Capital assets - Sales","Electrical, plumbing and other construction installation activities (432)",NA,NA,NA,NA,NA,NA,NA,NA,NA,NA,NA,NA
"Capital assets - Sales","Building completion and finishing (433)",NA,NA,NA,NA,NA,NA,NA,NA,NA,NA,NA,NA
"Capital assets - Sales","Other specialised construction activities (439)",NA,NA,NA,NA,NA,NA,NA,NA,NA,NA,NA,NA
"Capital assets - Sales","Construction (41 to 43)",NA,NA,NA,NA,NA,NA,NA,NA,NA,NA,NA,NA
"Production value","Development of building projects (411)",5218893,1394990,777772,2350195,349577,1390938,1880440,1989942,1956265,3152372,3546908,3293606
"Production value","Construction of residential and non-residential buildings (412)",14409735,6377659,4338738,3709273,1834953,2420940,4217370,4601170,7448660,9324206,11748038,11402684
"Production value","Construction of roads and railways (421)",1312005,1175635,630969,478351,518477,412197,452755,584342,649973,817634,1013882,1136842
"Production value","Construction of utility projects (422)",458670,562045,282360,276919,227627,227198,309422,296985,548132,645438,702528,685811
"Production value","Construction of other civil engineering projects (429)",1272610,1037515,497558,444288,396437,294255,411047,410146,615435,693191,606543,734409
"Production value","Demolition and site preparation (431)",427021,309267,688562,294090,143538,155636,196404,158431,299002,320878,349901,457737
"Production value","Electrical, plumbing and other construction installation activities (432)",4100555,3734749,2821943,2407615,2041740,2125160,3092310,3391017,3730339,4688411,5151427,7750387
"Production value","Building completion and finishing (433)",4473945,3153430,2493507,2144459,1488259,1723563,2214802,2687317,2845668,3527481,3689250,4700612
"Production value","Other specialised construction activities (439)",3945784,2210411,1517703,1427104,902845,1007872,1328106,1484107,1871181,2418305,2831284,3411368
"Production value","Construction (41 to 43)",35619219,19955700,14049112,13532292,7903454,9757759,14102657,15603457,19964656,25587915,29639762,33573455
"Intermediate consumption","Development of building projects (411)",4907406,3215223,2128232,3310827,603810,926519,1319180,1699224,1487245,2347785,2716891,2453621
"Intermediate consumption","Construction of residential and non-residential buildings (412)",11272585,5930293,4391320,3655021,1258991,1389255,2889564,3563502,5421064,6553863,8504869,7917097
"Intermediate consumption","Construction of roads and railways (421)",812137,503112,381056,343522,290452,270894,278431,246139,425643,508730,656273,788226
"Intermediate consumption","Construction of utility projects (422)",304146,433652,197546,192184,138765,144584,186785,141170,346181,359507,402329,355194
"Intermediate consumption","Construction of other civil engineering projects (429)",870440,715151,348601,335071,228777,192228,276395,241488,385733,493885,379936,459284
"Intermediate consumption","Demolition and site preparation (431)",223619,160089,682857,236773,73604,81874,178349,74052,164282,169048,181667,282984
"Intermediate consumption","Electrical, plumbing and other construction installation activities (432)",2074809,1995305,1658541,1338908,950237,1111559,1563448,1738806,2120745,2547912,2775126,4976055
"Intermediate consumption","Building completion and finishing (433)",2194369,1720359,1487164,1225808,663521,904309,1118744,1260032,1604122,1883538,1938625,2979822
"Intermediate consumption","Other specialised construction activities (439)",1964270,1187155,943900,1024190,443999,522402,671987,713158,1049613,1306592,1361318,2147713
"Intermediate consumption","Construction (41 to 43)",24623781,15860338,12219217,11662303,4652157,5543623,8482883,9677571,13004630,16170859,18917034,22359995
"Gross value added at basic prices","Development of building projects (411)",311486,-1820233,-1350460,-960632,-254233,464419,561260,290718,469020,804587,830017,839985
"Gross value added at basic prices","Construction of residential and non-residential buildings (412)",3137150,447366,-52582,54252,575962,1031685,1327806,1037667,2027596,2770343,3243169,3485587
"Gross value added at basic prices","Construction of roads and railways (421)",499868,672523,249913,134829,228025,141303,174325,230856,224330,270900,357608,348616
"Gross value added at basic prices","Construction of utility projects (422)",154523,128393,84814,84735,88862,82614,122637,155815,201950,221009,300200,330617
"Gross value added at basic prices","Construction of other civil engineering projects (429)",402170,322364,148957,109217,167660,102027,134652,168658,229702,180170,226608,275125
"Gross value added at basic prices","Demolition and site preparation (431)",203403,149178,5704,57317,69934,73762,18055,84378,134721,151831,168234,174753
"Gross value added at basic prices","Electrical, plumbing and other construction installation activities (432)",2025747,1739444,1163402,1068707,1091504,1013601,1528862,1652212,1609594,2140499,2376301,2774332
"Gross value added at basic prices","Building completion and finishing (433)",2279576,1433071,1006344,918651,824737,819255,1096058,1427285,1241546,1643943,1750625,1720790
"Gross value added at basic prices","Other specialised construction activities (439)",1981514,1023256,573803,402914,458846,485470,656119,770949,821568,1111712,1469965,1263655
"Gross value added at basic prices","Construction (41 to 43)",10995438,4095362,1829895,1869989,3251297,4214136,5619774,5818539,6960026,9294994,10722728,11213460
"Gross value added at factor cost","Development of building projects (411)",306419.2974,-1823404.468,-1352898.7985,-963237.2295,-255720.1412,460436.933,559293.0393,287476.5067,466558.6439,793232.7998,825728.1366,837459
"Gross value added at factor cost","Construction of residential and non-residential buildings (412)",3124208.3241,441331.0284,-57644.4667,49491.3313,573011.7003,1025915.5716,1323490.3202,1031191.2086,2020108.3154,2734635.2134,3230221.1488,3477796
"Gross value added at factor cost","Construction of roads and railways (421)",499268.6862,671942.5819,249508.8878,134154.3773,227362.5458,140070.2736,173618.9398,230431.5404,221054.8918,270388.2511,356252.999,347322
"Gross value added at factor cost","Construction of utility projects (422)",154183.0579,127892.971,84588.9719,84396.5074,88553.4677,81980.882,122092.1796,155577.2358,199542.0745,220629.4976,297577.4788,328783
"Gross value added at factor cost","Construction of other civil engineering projects (429)",401548.3552,321782.1202,148500.4026,108526.9854,167339.3247,101243.2816,133833.9696,168294.9905,223025.1327,179807.1973,225466.6281,273878
"Gross value added at factor cost","Demolition and site preparation (431)",202404.5002,148563.2995,4826.5995,56499.2559,69422.3691,73181.1145,17685.3188,84119.5051,134064.062,151235.956,167550.1888,174165
"Gross value added at factor cost","Electrical, plumbing and other construction installation activities (432)",2016928.5385,1733690.8505,1156557.4202,1062928.7067,1086060.9751,1006242.2104,1523532.8592,1648084.0161,1603451.208,2132629.5096,2366196.5715,2764221
"Gross value added at factor cost","Building completion and finishing (433)",2269071.349,1427279.6506,1000377.0717,913295.4191,820401.753,812976.507,1092196.3251,1423285.8572,1235923.5668,1637156.8512,1743726.8316,1713941
"Gross value added at factor cost","Other specialised construction activities (439)",1970662.0947,1018373.1616,570104.0329,398618.9837,455787.6121,481544.8705,653688.5853,768830.4174,818081.4533,1106921.1595,1464228.9248,1258625
"Gross value added at factor cost","Construction (41 to 43)",10944694.2033,4067451.1957,1803920.1214,1844674.3373,3232219.6066,4183591.6441,5599431.5369,5797291.2778,6921809.3485,9226636.4356,10676948.908,11176190
